<?xml version="1.0" encoding="UTF-8"?>
<project-private xmlns="http://www.netbeans.org/ns/project-private/1">
    <editor-bookmarks xmlns="http://www.netbeans.org/ns/editor-bookmarks/1"/>
    <editor-bookmarks xmlns="http://www.netbeans.org/ns/editor-bookmarks/2" lastBookmarkId="0"/>
    <open-files xmlns="http://www.netbeans.org/ns/projectui-open-files/2">
        <group>
            <file>file:/C:/Users/Tedy/Desktop/PROGRAMARE/Hella/session7/saptamana%207/1/A/StateMachine.X/StateMachine.h</file>
            <file>file:/C:/Users/Tedy/Desktop/PROGRAMARE/Hella/session7/saptamana%207/1/A/StateMachine.X/LCD.c</file>
            <file>file:/C:/Users/Tedy/Desktop/PROGRAMARE/Hella/session7/saptamana%207/1/A/StateMachine.X/StateMachine.c</file>
        </group>
    </open-files>
</project-private>
